"Question","Answer 1","Answer 2","Answer 3","Answer 4","Time limit (sec)","Correct answer(s)"
"Which aspect of the sacrament of marriage reflects its nature as a 'living sacrament'?","It is renewed daily in acts of love and sacrifice","It is merely a legal contract renewed only at anniversaries","It is a one-time event that defines a couple","It is celebrated continuously through ongoing liturgical rituals","20","1"
"According to Catholic teaching, what does 'indissolubility' of marriage imply?","Marriage may end if mutual consent is given","Separation is allowed if reconciliation seems unlikely","Marriage can only be dissolved by annulment","The marital bond is permanent and cannot be broken","20","4"
"In what way does marriage mirror Christ's love for the Church?","By demanding perfection from both parties","By maintaining a hierarchical structure","By reflecting a self-sacrificial, unconditional love","By emphasizing individual holiness over unity","20","3"
"What does the term 'domestic church' refer to in Catholic teaching?","A symbolic title for religious schools","A household where faith is actively lived and nurtured","A private chapel built within a family home","A local parish responsible for family affairs","20","2"
"Which of the following best captures the meaning of marriage as a covenant?","A lifelong commitment modeled on God's covenant with His people","A legally binding agreement with optional renewal","A temporary partnership focused on mutual benefits","A contractual arrangement with time-bound conditions","20","1"
"What role does the Holy Spirit play in sustaining marriage?","It only provides inspiration during major crises","It ensures that every conflict is immediately resolved","It is only relevant during liturgical celebrations","It empowers couples to overcome challenges and renew their love","20","4"
"Which statement best describes marital unity in Catholic theology?","A legally recognized merger of two separate lives","A deep personal bond that unites husband and wife in body, mind, and spirit","A social union based primarily on economic partnership","A temporary state until personal growth is achieved","20","2"
"How does Catholic teaching view the role of procreation and education in marriage?","As a secondary concern compared to personal fulfillment","As a matter solely of biological reproduction","As an integral part of marriage meant to nurture children in faith","As a natural outcome but not essential to the marital bond","20","3"
"What is a key characteristic of 'chastity in marriage'?","Abstaining from all physical affection","Maintaining physical purity while expressing love within the marital context","Limiting emotional intimacy for safety","Prioritizing legal fidelity over emotional connection","20","2"
"Which option best defines a 'vocation of love and holiness' in marriage?","A call to personal success and independence","An arrangement centered on social status and tradition","A daily journey of self-sacrifice, mutual support, and spiritual growth","A partnership focused solely on raising children","20","3"
"In what way is marriage considered a public witness to the faith?","It serves as a living example of self-giving love that inspires others","It is celebrated publicly but holds no deeper meaning","It is a private contract with no bearing on the community","It functions mainly as an institution for legal order","20","1"
"How does the Eucharist relate to the sacrament of marriage?","It is merely a symbolic gesture with no practical impact","It reinforces the couple’s unity and spiritual nourishment","It is only for individuals, not for couples","It is separate and unrelated to marital life","20","2"
"Which statement best reflects the Church's teaching on the permanence of marriage?","Annulment is a regular part of marital life","Marriage can be dissolved if the relationship fails","Marriage is indissoluble, reflecting Christ’s unending love","Separation is permitted as long as reconciliation is sought","20","3"
"What does 'self-giving love' in marriage require from the spouses?","Focusing on material and social success","Prioritizing personal desires over the family","Maintaining emotional distance to avoid conflict","Mutual sacrifice and putting the other’s good first","20","4"
"What is the significance of the wedding vows in a Catholic marriage?","They are a solemn promise to remain committed throughout life","They can be renegotiated based on changing circumstances","They function as a legal document only","They are merely ceremonial words with no lasting impact","20","1"
"How is the concept of 'equality and complementarity' expressed in Catholic marriage?","They are separate and unrelated aspects","Both partners are equal in dignity while contributing unique gifts","Both partners must be identical in all aspects","One partner must always lead while the other follows","20","2"
"What does 'openness to God’s plan for the family' involve?","Following a predetermined blueprint without change","Relying solely on personal judgment","Ignoring divine guidance in favor of tradition","Accepting life’s challenges with trust and faith","20","4"
"Which option best encapsulates the idea of marriage as a 'vocation of holiness'?","Focusing solely on worldly success","Pursuing personal spirituality independent of the spouse","A journey of mutual sanctification through daily acts of love","Maintaining status and tradition without change","20","3"
"According to Pope St. John Paul II, how does marriage contribute to the salvation of the world?","By maintaining strict social order","By nurturing faith in children who may influence future generations","By solely focusing on the couple’s personal happiness","By serving as a legal model for society","20","2"
"What does the Church mean by describing marriage as a 'sacramental covenant'?","It is a temporary union validated by rituals","It is primarily a civil arrangement with spiritual overtones","It is a sacred bond that imparts grace and requires ongoing commitment","It is a contract subject to renewal","20","3"
"In Catholic understanding, what role does daily prayer play in marriage?","It deepens the couple's spiritual unity and commitment","It is only necessary during times of crisis","It is an individual practice that does not affect the marriage","It is optional and unrelated to marital life","20","3"
"How does the sacrament of marriage serve as a 'school of holiness'?","By focusing only on formal religious education","By enforcing strict religious rules at home","By isolating family members from secular influences","Through daily living out of virtue and self-giving love","20","4"
"What is the significance of mutual respect in marriage?","It is only important in legal contracts","It is optional if love exists","It is the foundation for a deep, spiritual union","It is secondary to maintaining authority","20","3"
"Which of the following best describes the concept of 'marriage as a vocation'?","A temporary phase focused on personal gain","A social contract without a spiritual dimension","A career opportunity in the Church","A state of life that calls for ongoing spiritual and personal growth","20","4"
"What does 'living out your marriage vows' imply?","Daily acts of love, sacrifice, and commitment","Simply recalling the vows on special occasions","Renewing the vows annually in a public ceremony","Adhering strictly to a legal contract","20","1"
"How is the concept of 'complementarity' function in a marriage?","It is a temporary feature of early marriage","Both spouses must perform identical roles","One spouse's role dominates the other’s","Each spouse brings unique strengths that enhance the union","20","4"
"What is a major goal of nurturing children within a marital home?","To ensure strict academic achievement","To prepare them for societal success only","To focus solely on their career prospects","To foster a deep faith that can influence future generations","20","3"
"In what way does marital self-sacrifice influence broader society?","It is only significant in legal circles","It is primarily a private matter with no public implications","It sets a model of self-giving love that can inspire societal transformation","It has no impact outside the family","20","2"
"Which option best reflects the relationship between marriage and holiness?","Marriage is a pathway to personal sanctity and mutual spiritual growth","Marriage solely focuses on procreation","Marriage is optional for spiritual development","Marriage is a social construct without spiritual value","20","1"
"What does the 'call to holiness' in marriage demand from spouses?","Occasional acts of charity","Strict adherence to traditional roles without flexibility","Prioritizing worldly success over spiritual growth","A daily commitment to living according to God's will","20","4"
"How can a couple's daily routines reinforce the 'living sacrament' of marriage?","By scheduling annual celebrations only","By incorporating regular prayer, sacrifice, and acts of kindness","By strictly adhering to formal liturgical rituals only","By avoiding routine to keep things exciting","20","2"
"How does regular participation in Mass enhance marital life?","It deepens spiritual connection and communal witness","It fulfills a social obligation without deeper meaning","It is a routine activity with no impact on marital unity","It replaces the need for private prayer","20","1"
"In times of crisis, how does the sacramental nature of marriage guide decision-making?","It relies solely on legal advice","It ignores personal feelings in favor of formal rules","It provides a framework for seeking God's guidance and mutual support","It advises postponing decisions until after the crisis","20","3"
"How does a shared spiritual life contribute to character and resilience in marriage?","By focusing exclusively on individual success","By creating a competitive environment","By minimizing emotional expression","By building mutual trust and fostering forgiveness","20","4"
"What support does the Church provide to couples in their marital vocation?","Regular counseling and liturgical resources","Mandatory financial planning","Requirement to live in parish housing","Limited spiritual guidance, focusing only on formal ceremonies","20","1"
"How does liturgical participation outside of Mass, like attending retreats, benefit a marriage?","It distracts from daily responsibilities","It deepens the couple's spiritual life and mutual understanding","It is irrelevant to marital growth","It is only for individuals, not couples","20","2"
"In what way is the concept of 'communion' in marriage similar to the Eucharist?","Both involve the sharing of a common life and grace","Both are primarily administrative procedures","Both are only symbolic with no real impact","Both require legal documentation","20","1"
"How can a couple's faithful witness in marriage influence their local parish community?","By isolating themselves from community involvement","By focusing solely on personal privacy","By setting an example of service and unity","By prioritizing social events over spiritual matters","20","3"
"How does the sacrament of marriage encourage balancing individual identity with unity?","By requiring the complete merger of identities","By supporting personal growth within a shared spiritual journey","By discouraging individual pursuits altogether","By ignoring personal talents in favor of uniformity","20","2"
"How is the concept of grace operational within the marital covenant?","It is granted only at the wedding ceremony","It is a continuous gift that empowers mutual forgiveness and growth","It requires a separate sacramental act","It is conditional upon financial success","20","2"
"How does marriage serve as a training ground for forgiveness and reconciliation?","By offering routine opportunities to practice compassion","By mandating public confession","By requiring isolation during conflicts","By avoiding discussions about feelings","20","1"
"How does living a sacramental marriage inspire others in the pursuit of holiness?","By keeping marital challenges private","By demonstrating self-sacrifice and mutual support as everyday actions","By emphasizing only personal success","By avoiding public displays of affection","20","2"
"What is the significance of the Church’s emphasis on family prayer and worship?","It unites the family and reinforces their commitment to faith","It is an outdated tradition with little modern relevance","It is solely for children’s religious education","It is primarily a ceremonial requirement","20","1"
"How do marital challenges provide opportunities for spiritual growth?","They expose weaknesses with no redeeming outcome","They encourage couples to rely on divine grace and learn resilience","They force couples to consider separation","They are viewed as failures in the marital bond","20","2"
"How does the concept of sacrifice in marriage foster deeper love?","By requiring one partner to always give in","By enabling both partners to prioritize the other's needs over their own","By diminishing personal identity","By establishing unequal roles","20","3"
"What impact does a spiritually vibrant marriage have on the broader community?","It creates an inspiring example of faith and commitment","It is confined to the private sphere with no outward impact","It leads to competitive rivalries in the community","It primarily benefits the couple's social status","20","1"
"Which element of marriage most effectively builds a resilient character?","Regular participation in social events","Consistent self-reflection and spiritual practices","Avoidance of conflict at all costs","Reliance solely on personal achievements","20","2"
"How do couples balance individual aspirations with their shared marital mission?","By subordinating personal dreams entirely to the relationship","By ignoring personal goals in favor of unity","By harmonizing individual talents within the framework of mutual growth","By maintaining complete independence without collaboration","20","3"
"In what ways does the Church encourage couples to live out their marital vocation daily?","Through mandated public events only","Through ongoing catechesis, prayer, and communal support","Through sporadic retreats with no regular follow-up","Through isolated personal study without shared practice","20","2"
"How do marital commitments serve as a foundation for broader societal transformation?","They primarily secure economic advantages","They create a ripple effect by nurturing faith, character, and leadership in future generations","They remain confined within the family unit with little external influence","They are largely symbolic with no practical implications","20","2"
